{"cameraMode":{"drawMode":0,"name":"Shaded","section":"Shading Mode"},"sceneLighting":false,"audioPlay":false,"sceneViewState":{"showFog":true,"showMaterialUpdate":true,"showSkybox":true,"showFlares":true,"showImageEffects":true,"showParticleSystems":true},"in2DMode":false,"pivot":{"x":-1.7113959789276124,"y":-0.0024194337893277408,"z":2.957545757293701},"rotation":{"x":-0.01727723516523838,"y":0.9786478281021118,"z":-0.18295228481292725,"w":-0.0924612432718277},"size":22.10561180114746,"orthographic":false}