{"cameraMode":{"drawMode":0,"name":"Shaded","section":"Shading Mode"},"sceneLighting":false,"audioPlay":false,"sceneViewState":{"showFog":true,"showMaterialUpdate":true,"showSkybox":true,"showFlares":true,"showImageEffects":true,"showParticleSystems":true},"in2DMode":false,"pivot":{"x":76.02392578125,"y":-71.1955337524414,"z":3.9759843349456789},"rotation":{"x":-0.26961228251457217,"y":-0.6375669240951538,"z":0.2545090615749359,"w":-0.6753886938095093},"size":138.67823791503907,"orthographic":false}